<?xml version="1.0"?>
<PosFile xmlns:xsi="http://www.w3.org/2001/XMLSchema-instance" xmlns:xsd="http://www.w3.org/2001/XMLSchema">
  <FileContent>TERMS AND CONDITIONS: Your payment should be applied to your biller account within 1-2 business days.  For questions about your biller account, please call the customer service number on your biller’s statement.  If you have any questions about this service, please call Unidos Financial Services, Inc. (“UFS”) at (800) 579-7852.  In the event of any delay, nondelivery, nonpayment or underpayment of the Bill Payment amount, your exclusive and maximum remedy against UFS is refund of the consumer fee paid and the dollar amount paid (if it was not paid to the Biller).  No other remedy is available to you, including, without limitation, consequential, indirect, special or incidental damages even if your claim arises from UFS or its agent's negligence, error (whether human or technical), fault, omission or otherwise.  UFS is not responsible for any service delays or errors caused by local regulations, causes beyond its control or otherwise.  UFS is free to employ or substitute any of its vendors, agents or subagents, as necessary to carry out the payment.  Should customer deliver funds in a form other than cash, UFS shall transmit the funds only after it has received confirmation of their availability.  UFS is licensed under the laws of several states and is subject to regulatory oversight by those states’ governments.  THIS INVOICE IS NOT VALID UNLESS PROCESSED THROUGH UFS’ COMPUTERIZED SYSTEM, AND UNLESS IT CONTAINS THE COMPUTER GENERATED IMPRINT OF THE NAME AND ADDRESS OF THE POINT OF SALE AND THE CORRECT INVOICE NUMBER.  “Privacy Notice: UFS may disclose your personal information to affiliates and third parties as explained in UFS’s Privacy Policy.  The information disclosed my include identification information, such as name and address data; transaction information, such as size and frequency of your transactions, your purchase history, and other information relating to your financial transactions.  The recipients may include financial institutions, such as banks and credit card companies; companies that process transactions or provide other services for us; government agencies; and direct marketers.  You may opt out of (direct us not to make) certain but not all of these disclosures.  To obtain a copy of our privacy policy and to exercise your right to opt out, call toll free (800) 579-7852.  If you do not opt out, we will assume that you agree that your information may be used as described in this notice.”  BY PAYMENT OF THE SERVICE FEE I ACKNOWLEDGE I AM BOUND BY THE TERMS AND CONDITIONS ON THIS CONTRACT OF SERVICES, WHICH I HAVE READ, UNDERSTAND, AND AGREE WITH.   

TÉRMINOS Y CONDICIONES: Su pago debería ser aplicado a la cuenta de proveedor dentro de 1-2 días.  Para preguntas relacionadas con su cuenta en proveedor, sírvase llamar al número de servicio al cliente que figura en el extracto de cuenta periódico de su proveedor.  Si tiene preguntas adicionales acerca de este servicio, sírvase llamar a Unidos Financial Services, Inc. (“UFS”) al (800) 579-7852.  En caso de demoras, falta de entrega, falta de pago o pago inferior al monto pretendido, su único y máximo recurso contra UFS será el reembolso del cargo por servicio más el monto en dólares (si éste aún no hubiera sido pagado al Proveedor).  No existe ningún otro recurso disponible, incluidos, sin limitación, daños y perjucios incidentales, especiales, indirectos o consecuentes, aun cuando su reclamo se deba a la negligencia, error (tanto humano como tecnológico), falta, omisión u otra causa.  UFS no es responsable por demoras causada por las regulaciones locales, causas ajenas a su control o de otra naturaleza.  UFS queda en plena libertad de valerse de o sustituir cualquier corresponsal, agente o subagente según lo considere necesario para completar el pago.  En caso de presentar el cliente el dinero del pago en otra forma que no fuera efectivo, UFS completará el pago solo después de confirmar que los fondos se encuentran disponibles.  UFS es una empresa licenciada bajo las leyes de varios estados y está sujeta a la supervisión regulatoria de los gobiernos de dichos estados.  ESTE RECIBO NO ES VÁLIDO SI NO ESTÁ PROCESADO POR EL SISTEMA DE COMPUTACIÓN DE UFS Y SI CONTIENE LA IMPRESIÓN DEL NOMBRE Y DIRECCIÓN DEL PUNTO DE VENTA Y EL NÚMERO DE TRANSACCIÓN GENERADO POR LA COMPUTADORA.  “Notificación sobre privacidad:  UFS puede revelar su información personal a empresas afiliadas y terceros, tal como se explica en la  política de privacidad de UFS.  La información revelada puede incluir su identificación (nombre, domicilio y teléfono); sus transacciones (p. ej, el tamaño y frecuencia), su historial de consumo y otro tipo de información  relacionada con sus transacciones financieras.  Entre los terceros que podrán recibir su información se encuentran instituciones financieras, p.ej, bancos y compañías de tarjetas de crédito; compañías que procesan nuestras transacciones o nos brindan otros servicios; agencias del gobierno y otros comerciantes directos.  Usted tiene derecho a preferir (pedirnos) que se lo excluya en determinados casos, aunque no en todos.  Si desea obtener una copia de nuestra política de privacidad o ejercer su derecho a ser excluido de estas prácticas, llame al (800) 579-7852.  Si no opta por excluirse, asumiremos que está de acuerdo con que su información sea compartida de la manera descrita en esta notificación”.  
AL PAGAR LOS CARGOS DEL SERVICIO DECLARO ESTAR SUJETO A LOS TÉRMINOS Y CONDICIONES DEL PRESENTE CONTRATO DE SERVICIOS, LOS QUE HE LEIDO, COMPRENDO Y ACEPTO.</FileContent>
  <FileTypeId>5</FileTypeId>
  <LastUpdated>1753-01-01T00:00:00</LastUpdated>
  <FileVersion>2014-12-04T19:14:43.0270000</FileVersion>
</PosFile>