<?xml version="1.0"?>
<PosFile xmlns:xsi="http://www.w3.org/2001/XMLSchema-instance" xmlns:xsd="http://www.w3.org/2001/XMLSchema">
  <FileContent>{\rtf1\ansi\ansicpg1252\deff0\deflang1033{\fonttbl{\f0\fswiss\fprq2\fcharset0 Arial;}{\f1\fswiss\fcharset0 Arial;}{\f2\fnil\fcharset2 Symbol;}}\b 2015/12/1 \i 34\b0\i0\par
432\par
\par
}
</FileContent>
  <FileTypeId>7</FileTypeId>
  <LastUpdated>2016-01-12T03:04:27.7331796Z</LastUpdated>
  <FileVersion>75e779795b6d066c28e8ed64257c05dc</FileVersion>
</PosFile>