<?xml version="1.0"?>
<PosFile xmlns:xsi="http://www.w3.org/2001/XMLSchema-instance" xmlns:xsd="http://www.w3.org/2001/XMLSchema">
  <FileContent>{\rtf1\ansi\ansicpg1252\deff0\deflang1033{\fonttbl{\f0\fswiss\fprq2\fcharset0 Arial;}{\f1\fswiss\fcharset0 Arial;}{\f2\fnil\fcharset2 Symbol;}}\b 2016/1/5 \i ftg\b0\i0\par
gf\par
\par
}
</FileContent>
  <FileTypeId>7</FileTypeId>
  <LastUpdated>2016-01-07T07:46:59.0142184Z</LastUpdated>
  <FileVersion>3c6f004e080c84ec9d0965b1cbba66e4</FileVersion>
</PosFile>