<?xml version="1.0"?>
<PosFile xmlns:xsi="http://www.w3.org/2001/XMLSchema-instance" xmlns:xsd="http://www.w3.org/2001/XMLSchema">
  <FileContent>TERMS AND CONDITIONS: CHECK CASHING - Your payment should be applied to your biller account within 1-2 business days.  For questions about your biller account, please call the customer service number on your biller’s statement.  If you have any questions about this service, please call Unidos Financial Services, Inc. (“UFS”) at (800) 579-7852.  In the event of any delay, nondelivery, nonpayment or underpayment of the Bill Payment amount, your exclusive and maximum remedy against UFS is refund of the consumer fee paid and the dollar amount paid (if it was not paid to the Biller).  No other remedy is available to you, including, without limitation, consequential, indirect, special or incidental damages even if your claim arises from UFS or its agent's negligence, error (whether human or technical), fault, omission or otherwise.  UFS is not responsible for any service delays or errors caused by local regulations, causes beyond its control or otherwise.  UFS is free to employ or substitute any of its vendors, agents or subagents, as necessary to carry out the payment.  Should customer deliver funds in a form other than cash, UFS shall transmit the funds only after it has received confirmation of their availability.  UFS is licensed under the laws of several states and is subject to regulatory oversight by those states’ governments.  THIS INVOICE IS NOT VALID UNLESS PROCESSED THROUGH UFS’ COMPUTERIZED SYSTEM, AND UNLESS IT CONTAINS THE COMPUTER GENERATED IMPRINT OF THE NAME AND ADDRESS OF THE POINT OF SALE AND THE CORRECT INVOICE NUMBER.  “Privacy Notice: UFS may disclose your personal information to affiliates and third parties as explained in UFS’s Privacy Policy.  The information disclosed my include identification information, such as name and address data; transaction information, such as size and frequency of your transactions, your purchase history, and other information relating to your financial transactions.  The recipients may include financial institutions, such as banks and credit card companies; companies that process transactions or provide other services for us; government agencies; and direct marketers.  You may opt out of (direct us not to make) certain but not all of these disclosures.  To obtain a copy of our privacy policy and to exercise your right to opt out, call toll free (800) 579-7852.  If you do not opt out, we will assume that you agree that your information may be used as described in this notice.” 
BY PAYMENT OF THE SERVICE FEE I ACKNOWLEDGE I AM BOUND BY THE TERMS AND CONDITIONS ON THIS CONTRACT OF SERVICES, WHICH I HAVE READ, UNDERSTAND, AND AGREE WITH. 
</FileContent>
  <FileTypeId>10</FileTypeId>
  <LastUpdated>1753-01-01T00:00:00</LastUpdated>
  <FileVersion>2011-07-27T15:00:22.4870000</FileVersion>
</PosFile>