<?xml version="1.0"?>
<PosFile xmlns:xsi="http://www.w3.org/2001/XMLSchema-instance" xmlns:xsd="http://www.w3.org/2001/XMLSchema">
  <FileContent>TERMS AND CONDITIONS: 
Your payment will be applied to your prepaid mobile phone immediately after dialing the toll free number on the receipt, entering your mobile number and unique PIN as prompted. If you have any questions about this prepaid top-up service, please call Unidos Financial Services, Inc. (“UFS”) at (800) 579-7852.  You may not cancel your top-up once you have paid the service fee, which is non-refundable absent delay, non-delivery or underpayment of the prepaid top-up amount, in which case your exclusive and maximum remedy against UFS is refund of the service fee you paid and the dollar amount you paid (to the extent it was not loaded to your phone).  No other remedy is available to you, including, without limitation, consequential, indirect, special or incidental damages, even if your claim arises from UFS’ or its agent's negligence, error (whether human or technical), fault, omission or otherwise.  UFS is not responsible for any service delays or errors caused by local regulations, causes beyond its control or otherwise and UFS disclaims all implied representations and warranties to the fullest extent permitted by law.  UFS is free to use or substitute any of its vendors, agents or subagents, as necessary, to carry out the top-up.  Should you deliver funds in a form other than cash, UFS shall transmit the funds to complete the top-up only after it has received confirmation of their availability.  UFS is licensed under the laws of several states and is subject to regulatory oversight by those states’ governments.  UFS retail agents are responsible for collecting sales taxes and, in some states, regulatory fees for top-up transactions that they process. Taxes, fees and surcharges are subject to change without notice. THIS INVOICE IS NOT VALID UNLESS PROCESSED THROUGH UFS’ COMPUTERIZED SYSTEM AND UNLESS IT CONTAINS THE COMPUTER-GENERATED IMPRINT OF THE NAME AND ADDRESS OF THE POINT OF SALE AGENT AND THE CORRECT INVOICE NUMBER.  
Privacy Notice: UFS may disclose your personal information to affiliates and third parties as explained in UFS’s Privacy Policy.  The information disclosed may include your personally identifiable information, such as your name and address; transaction information, such as size and frequency of your transactions, your purchase history, and other information relating to your financial transactions.  The recipients may include, but are not limited to, financial institutions, such as banks and credit card companies; companies that process transactions or provide other services for UFS; government agencies; and direct marketers.  You may opt out of (direct us not to make) certain but not all of these disclosures.  To obtain a copy of the UFS Privacy Policy and to exercise your right to opt out, call toll free (800) 579-7852.  If you do not opt out, UFS will assume that you agree that your information may be used as described in this notice.
BY PAYING THE SERVICE FEE, YOU ACKNOWLEDGE AND AGREE THAT YOU ARE BOUND BY THESE TERMS AND CONDITIONS.   
</FileContent>
  <FileTypeId>9</FileTypeId>
  <LastUpdated>1753-01-01T00:00:00</LastUpdated>
  <FileVersion>2010-05-18T15:06:09.2330000</FileVersion>
</PosFile>