<?xml version="1.0"?>
<PosFile xmlns:xsi="http://www.w3.org/2001/XMLSchema-instance" xmlns:xsd="http://www.w3.org/2001/XMLSchema">
  <FileContent>{\rtf1\ansi\ansicpg1252\deff0\deflang1033{\fonttbl{\f0\fswiss\fprq2\fcharset0 Arial;}{\f1\fswiss\fcharset0 Arial;}{\f2\fnil\fcharset2 Symbol;}}\b 2010/5/17 \i Claro Jamaica Temporarily Unavailable\b0\i0\par
Please be advised that Claro Jamaica is temporarily unavailable due to carrier related issues. We apologize for any inconvenience and will communicate as soon as the service is available again.\par
\par
}
</FileContent>
  <FileTypeId>7</FileTypeId>
  <LastUpdated>2016-01-08T02:59:59.9464279Z</LastUpdated>
  <FileVersion>81b8e70caedcc31d68f5c243250f1485</FileVersion>
</PosFile>